,Filename,Filepath,Reproductive Status,Flowering Status,Fruiting Status,Budding Status,Scored
0,CONN00118770.jpg,/gpfs/project/dollar/ajj38/shared/outliers/CONN00118770.jpg,,,,,False
1,NHA-659466.jpg,/gpfs/project/dollar/ajj38/shared/outliers/NHA-659466.jpg,,,,,False
2,barcode-00525812.jpg,/gpfs/project/dollar/ajj38/shared/outliers/barcode-00525812.jpg,,,,,False
3,KIRI-04831.jpg,/gpfs/project/dollar/ajj38/shared/outliers/KIRI-04831.jpg,,,,,False
4,barcode-00617175.jpg,/gpfs/project/dollar/ajj38/shared/outliers/barcode-00617175.jpg,,,,,False
5,NHA-551578.jpg,/gpfs/project/dollar/ajj38/shared/outliers/NHA-551578.jpg,,,,,False
6,barcode-00687644.jpg,/gpfs/project/dollar/ajj38/shared/outliers/barcode-00687644.jpg,,,,,False
7,CONN00174053.jpg,/gpfs/project/dollar/ajj38/shared/outliers/CONN00174053.jpg,,,,,False
8,1910130.jpg,/gpfs/project/dollar/ajj38/shared/outliers/1910130.jpg,,,,,False
9,barcode-01040685.jpg,/gpfs/project/dollar/ajj38/shared/outliers/barcode-01040685.jpg,,,,,False
10,barcode-00743505.jpg,/gpfs/project/dollar/ajj38/shared/outliers/barcode-00743505.jpg,,,,,False
11,CONN00063816.jpg,/gpfs/project/dollar/ajj38/shared/outliers/CONN00063816.jpg,,,,,False
12,barcode-01067622.jpg,/gpfs/project/dollar/ajj38/shared/outliers/barcode-01067622.jpg,,,,,False
13,KESC11178.jpg,/gpfs/project/dollar/ajj38/shared/outliers/KESC11178.jpg,,,,,False
14,PBRU00031275.jpg,/gpfs/project/dollar/ajj38/shared/outliers/PBRU00031275.jpg,,,,,False
15,CCSU-02291.jpg,/gpfs/project/dollar/ajj38/shared/outliers/CCSU-02291.jpg,,,,,False
16,barcode-01034278.jpg,/gpfs/project/dollar/ajj38/shared/outliers/barcode-01034278.jpg,,,,,False
17,CONN00069952.jpg,/gpfs/project/dollar/ajj38/shared/outliers/CONN00069952.jpg,,,,,False
18,MAINE00010567.jpg,/gpfs/project/dollar/ajj38/shared/outliers/MAINE00010567.jpg,,,,,False
19,barcode-00566966.jpg,/gpfs/project/dollar/ajj38/shared/outliers/barcode-00566966.jpg,,,,,False
20,YU.035570.jpg,/gpfs/project/dollar/ajj38/shared/outliers/YU.035570.jpg,,,,,False
21,barcode-00677787.jpg,/gpfs/project/dollar/ajj38/shared/outliers/barcode-00677787.jpg,,,,,False
22,barcode-00641622.jpg,/gpfs/project/dollar/ajj38/shared/outliers/barcode-00641622.jpg,,,,,False
23,barcode-00687645.jpg,/gpfs/project/dollar/ajj38/shared/outliers/barcode-00687645.jpg,,,,,False
24,CONN00151803.jpg,/gpfs/project/dollar/ajj38/shared/outliers/CONN00151803.jpg,,,,,False
25,CONN00109706.jpg,/gpfs/project/dollar/ajj38/shared/outliers/CONN00109706.jpg,,,,,False
26,barcode-00724583.jpg,/gpfs/project/dollar/ajj38/shared/outliers/barcode-00724583.jpg,,,,,False
27,CONN00176149.jpg,/gpfs/project/dollar/ajj38/shared/outliers/CONN00176149.jpg,,,,,False
28,barcode-00504696.jpg,/gpfs/project/dollar/ajj38/shared/outliers/barcode-00504696.jpg,,,,,False
29,CBS.016786.jpg,/gpfs/project/dollar/ajj38/shared/outliers/CBS.016786.jpg,,,,,False
30,NHA-535714.jpg,/gpfs/project/dollar/ajj38/shared/outliers/NHA-535714.jpg,,,,,False
31,CONN00174904.jpg,/gpfs/project/dollar/ajj38/shared/outliers/CONN00174904.jpg,,,,,False
32,MAINE00043902.jpg,/gpfs/project/dollar/ajj38/shared/outliers/MAINE00043902.jpg,,,,,False
33,barcode-01078477.jpg,/gpfs/project/dollar/ajj38/shared/outliers/barcode-01078477.jpg,,,,,False
34,PBRU00072790.jpg,/gpfs/project/dollar/ajj38/shared/outliers/PBRU00072790.jpg,,,,,False
35,NHA-673672.jpg,/gpfs/project/dollar/ajj38/shared/outliers/NHA-673672.jpg,,,,,False
36,329468.jpg,/gpfs/project/dollar/ajj38/shared/outliers/329468.jpg,,,,,False
37,CONN00079844.jpg,/gpfs/project/dollar/ajj38/shared/outliers/CONN00079844.jpg,,,,,False
38,NHA-537435.jpg,/gpfs/project/dollar/ajj38/shared/outliers/NHA-537435.jpg,,,,,False
39,376257.jpg,/gpfs/project/dollar/ajj38/shared/outliers/376257.jpg,,,,,False
40,CONN00007396.jpg,/gpfs/project/dollar/ajj38/shared/outliers/CONN00007396.jpg,,,,,False
41,NHA-660441.jpg,/gpfs/project/dollar/ajj38/shared/outliers/NHA-660441.jpg,,,,,False
42,MAINE00018668.jpg,/gpfs/project/dollar/ajj38/shared/outliers/MAINE00018668.jpg,,,,,False
43,KIRI-00090.jpg,/gpfs/project/dollar/ajj38/shared/outliers/KIRI-00090.jpg,,,,,False
44,barcode-00558416.jpg,/gpfs/project/dollar/ajj38/shared/outliers/barcode-00558416.jpg,,,,,False
45,MAINE00036388.jpg,/gpfs/project/dollar/ajj38/shared/outliers/MAINE00036388.jpg,,,,,False
46,2544977.jpg,/gpfs/project/dollar/ajj38/shared/outliers/2544977.jpg,,,,,False
47,barcode-00564259.jpg,/gpfs/project/dollar/ajj38/shared/outliers/barcode-00564259.jpg,,,,,False
48,KIRI-01875.jpg,/gpfs/project/dollar/ajj38/shared/outliers/KIRI-01875.jpg,,,,,False
49,369668.jpg,/gpfs/project/dollar/ajj38/shared/outliers/369668.jpg,,,,,False
50,barcode-00582431.jpg,/gpfs/project/dollar/ajj38/shared/outliers/barcode-00582431.jpg,,,,,False
51,CBS.022590.jpg,/gpfs/project/dollar/ajj38/shared/outliers/CBS.022590.jpg,,,,,False
52,barcode-00626277.jpg,/gpfs/project/dollar/ajj38/shared/outliers/barcode-00626277.jpg,,,,,False
53,barcode-00645502.jpg,/gpfs/project/dollar/ajj38/shared/outliers/barcode-00645502.jpg,,,,,False
54,2431.jpg,/gpfs/project/dollar/ajj38/shared/outliers/2431.jpg,,,,,False
55,KESC00693.jpg,/gpfs/project/dollar/ajj38/shared/outliers/KESC00693.jpg,,,,,False
56,barcode-00655963.jpg,/gpfs/project/dollar/ajj38/shared/outliers/barcode-00655963.jpg,,,,,False
57,barcode-00610015.jpg,/gpfs/project/dollar/ajj38/shared/outliers/barcode-00610015.jpg,,,,,False
58,YU.076175.jpg,/gpfs/project/dollar/ajj38/shared/outliers/YU.076175.jpg,,,,,False
59,368021.jpg,/gpfs/project/dollar/ajj38/shared/outliers/368021.jpg,,,,,False
60,barcode-00739417.jpg,/gpfs/project/dollar/ajj38/shared/outliers/barcode-00739417.jpg,,,,,False
61,NHA-697744.jpg,/gpfs/project/dollar/ajj38/shared/outliers/NHA-697744.jpg,,,,,False
62,CONN00001337.jpg,/gpfs/project/dollar/ajj38/shared/outliers/CONN00001337.jpg,,,,,False
63,CBS.026303.jpg,/gpfs/project/dollar/ajj38/shared/outliers/CBS.026303.jpg,,,,,False
64,YU.080464.jpg,/gpfs/project/dollar/ajj38/shared/outliers/YU.080464.jpg,,,,,False
65,barcode-00762844.jpg,/gpfs/project/dollar/ajj38/shared/outliers/barcode-00762844.jpg,,,,,False
66,CONN00121490.jpg,/gpfs/project/dollar/ajj38/shared/outliers/CONN00121490.jpg,,,,,False
67,YU.016241.jpg,/gpfs/project/dollar/ajj38/shared/outliers/YU.016241.jpg,,,,,False
68,barcode-00754167.jpg,/gpfs/project/dollar/ajj38/shared/outliers/barcode-00754167.jpg,,,,,False
69,WSCH005266.jpg,/gpfs/project/dollar/ajj38/shared/outliers/WSCH005266.jpg,,,,,False
70,barcode-00711720.jpg,/gpfs/project/dollar/ajj38/shared/outliers/barcode-00711720.jpg,,,,,False
71,WSCH000118.jpg,/gpfs/project/dollar/ajj38/shared/outliers/WSCH000118.jpg,,,,,False
72,CONN00166172.jpg,/gpfs/project/dollar/ajj38/shared/outliers/CONN00166172.jpg,,,,,False
73,NHA-722673.jpg,/gpfs/project/dollar/ajj38/shared/outliers/NHA-722673.jpg,,,,,False
74,333177.jpg,/gpfs/project/dollar/ajj38/shared/outliers/333177.jpg,,,,,False
75,barcode-00712280.jpg,/gpfs/project/dollar/ajj38/shared/outliers/barcode-00712280.jpg,,,,,False
76,MAINE00018476.jpg,/gpfs/project/dollar/ajj38/shared/outliers/MAINE00018476.jpg,,,,,False
77,YU.046658.jpg,/gpfs/project/dollar/ajj38/shared/outliers/YU.046658.jpg,,,,,False
78,00327826.jpg,/gpfs/project/dollar/ajj38/shared/outliers/00327826.jpg,,,,,False
79,CONN00169338.jpg,/gpfs/project/dollar/ajj38/shared/outliers/CONN00169338.jpg,,,,,False
80,2464869.jpg,/gpfs/project/dollar/ajj38/shared/outliers/2464869.jpg,,,,,False
81,NHA-657489.jpg,/gpfs/project/dollar/ajj38/shared/outliers/NHA-657489.jpg,,,,,False
82,CONN00137963.jpg,/gpfs/project/dollar/ajj38/shared/outliers/CONN00137963.jpg,,,,,False
83,343843.jpg,/gpfs/project/dollar/ajj38/shared/outliers/343843.jpg,,,,,False
84,CONN00087972.jpg,/gpfs/project/dollar/ajj38/shared/outliers/CONN00087972.jpg,,,,,False
85,NHA-550725.jpg,/gpfs/project/dollar/ajj38/shared/outliers/NHA-550725.jpg,,,,,False
86,MAINE00010180.jpg,/gpfs/project/dollar/ajj38/shared/outliers/MAINE00010180.jpg,,,,,False
87,CCNL-09178.jpg,/gpfs/project/dollar/ajj38/shared/outliers/CCNL-09178.jpg,,,,,False
88,YU.074986.jpg,/gpfs/project/dollar/ajj38/shared/outliers/YU.074986.jpg,,,,,False
89,barcode-01069749.jpg,/gpfs/project/dollar/ajj38/shared/outliers/barcode-01069749.jpg,,,,,False
90,375080.jpg,/gpfs/project/dollar/ajj38/shared/outliers/375080.jpg,,,,,False
91,barcode-00678436.jpg,/gpfs/project/dollar/ajj38/shared/outliers/barcode-00678436.jpg,,,,,False
92,barcode-00553911.jpg,/gpfs/project/dollar/ajj38/shared/outliers/barcode-00553911.jpg,,,,,False
93,344733.jpg,/gpfs/project/dollar/ajj38/shared/outliers/344733.jpg,,,,,False
94,barcode-00880632.jpg,/gpfs/project/dollar/ajj38/shared/outliers/barcode-00880632.jpg,,,,,False
95,barcode-00710317.jpg,/gpfs/project/dollar/ajj38/shared/outliers/barcode-00710317.jpg,,,,,False
96,399452.jpg,/gpfs/project/dollar/ajj38/shared/outliers/399452.jpg,,,,,False
97,367207.jpg,/gpfs/project/dollar/ajj38/shared/outliers/367207.jpg,,,,,False
98,barcode-00614868.jpg,/gpfs/project/dollar/ajj38/shared/outliers/barcode-00614868.jpg,,,,,False
99,CCNL-04582.jpg,/gpfs/project/dollar/ajj38/shared/outliers/CCNL-04582.jpg,,,,,False
100,barcode-00744679.jpg,/gpfs/project/dollar/ajj38/shared/outliers/barcode-00744679.jpg,,,,,False
101,330882.jpg,/gpfs/project/dollar/ajj38/shared/outliers/330882.jpg,,,,,False
102,barcode-00723619.jpg,/gpfs/project/dollar/ajj38/shared/outliers/barcode-00723619.jpg,,,,,False
103,barcode-01041389.jpg,/gpfs/project/dollar/ajj38/shared/outliers/barcode-01041389.jpg,,,,,False
104,CONN00153736.jpg,/gpfs/project/dollar/ajj38/shared/outliers/CONN00153736.jpg,,,,,False
105,barcode-01037114.jpg,/gpfs/project/dollar/ajj38/shared/outliers/barcode-01037114.jpg,,,,,False
106,barcode-01065612.jpg,/gpfs/project/dollar/ajj38/shared/outliers/barcode-01065612.jpg,,,,,False
107,WCSU-00453.jpg,/gpfs/project/dollar/ajj38/shared/outliers/WCSU-00453.jpg,,,,,False
108,barcode-00765649.jpg,/gpfs/project/dollar/ajj38/shared/outliers/barcode-00765649.jpg,,,,,False
109,343644.jpg,/gpfs/project/dollar/ajj38/shared/outliers/343644.jpg,,,,,False
110,2688695.jpg,/gpfs/project/dollar/ajj38/shared/outliers/2688695.jpg,,,,,False
111,barcode-00552893.jpg,/gpfs/project/dollar/ajj38/shared/outliers/barcode-00552893.jpg,,,,,False
112,barcode-00731647.jpg,/gpfs/project/dollar/ajj38/shared/outliers/barcode-00731647.jpg,,,,,False
113,2546512.jpg,/gpfs/project/dollar/ajj38/shared/outliers/2546512.jpg,,,,,False
114,YU.099902.jpg,/gpfs/project/dollar/ajj38/shared/outliers/YU.099902.jpg,,,,,False
115,barcode-00531418.jpg,/gpfs/project/dollar/ajj38/shared/outliers/barcode-00531418.jpg,,,,,False
116,barcode-00674796.jpg,/gpfs/project/dollar/ajj38/shared/outliers/barcode-00674796.jpg,,,,,False
117,CONN00007787.jpg,/gpfs/project/dollar/ajj38/shared/outliers/CONN00007787.jpg,,,,,False
118,344633.jpg,/gpfs/project/dollar/ajj38/shared/outliers/344633.jpg,,,,,False
119,403954.jpg,/gpfs/project/dollar/ajj38/shared/outliers/403954.jpg,,,,,False
120,barcode-00761555.jpg,/gpfs/project/dollar/ajj38/shared/outliers/barcode-00761555.jpg,,,,,False
121,PBRU00019636.jpg,/gpfs/project/dollar/ajj38/shared/outliers/PBRU00019636.jpg,,,,,False
122,00317304.jpg,/gpfs/project/dollar/ajj38/shared/outliers/00317304.jpg,,,,,False
123,barcode-00706295.jpg,/gpfs/project/dollar/ajj38/shared/outliers/barcode-00706295.jpg,,,,,False
124,YU.060292.jpg,/gpfs/project/dollar/ajj38/shared/outliers/YU.060292.jpg,,,,,False
125,barcode-00535485.jpg,/gpfs/project/dollar/ajj38/shared/outliers/barcode-00535485.jpg,,,,,False
126,barcode-01054409.jpg,/gpfs/project/dollar/ajj38/shared/outliers/barcode-01054409.jpg,,,,,False
127,CONN00053627.jpg,/gpfs/project/dollar/ajj38/shared/outliers/CONN00053627.jpg,,,,,False
128,NHA-672912.jpg,/gpfs/project/dollar/ajj38/shared/outliers/NHA-672912.jpg,,,,,False
129,CBS.018621.jpg,/gpfs/project/dollar/ajj38/shared/outliers/CBS.018621.jpg,,,,,False
130,barcode-00375737.jpg,/gpfs/project/dollar/ajj38/shared/outliers/barcode-00375737.jpg,,,,,False
131,2442343.jpg,/gpfs/project/dollar/ajj38/shared/outliers/2442343.jpg,,,,,False
132,BSN-08487.jpg,/gpfs/project/dollar/ajj38/shared/outliers/BSN-08487.jpg,,,,,False
133,barcode-00756375.jpg,/gpfs/project/dollar/ajj38/shared/outliers/barcode-00756375.jpg,,,,,False
134,barcode-00756376.jpg,/gpfs/project/dollar/ajj38/shared/outliers/barcode-00756376.jpg,,,,,False
135,barcode-00534980.jpg,/gpfs/project/dollar/ajj38/shared/outliers/barcode-00534980.jpg,,,,,False
136,00322145.jpg,/gpfs/project/dollar/ajj38/shared/outliers/00322145.jpg,,,,,False
137,barcode-00765448.jpg,/gpfs/project/dollar/ajj38/shared/outliers/barcode-00765448.jpg,,,,,False
138,347497.jpg,/gpfs/project/dollar/ajj38/shared/outliers/347497.jpg,,,,,False
139,PBRU00024795.jpg,/gpfs/project/dollar/ajj38/shared/outliers/PBRU00024795.jpg,,,,,False
140,41737.jpg,/gpfs/project/dollar/ajj38/shared/outliers/41737.jpg,,,,,False
141,barcode-00531617.jpg,/gpfs/project/dollar/ajj38/shared/outliers/barcode-00531617.jpg,,,,,False
142,PBRU00025248.jpg,/gpfs/project/dollar/ajj38/shared/outliers/PBRU00025248.jpg,,,,,False
143,NHA-673054.jpg,/gpfs/project/dollar/ajj38/shared/outliers/NHA-673054.jpg,,,,,False
144,329784.jpg,/gpfs/project/dollar/ajj38/shared/outliers/329784.jpg,,,,,False
145,NHA-697396.jpg,/gpfs/project/dollar/ajj38/shared/outliers/NHA-697396.jpg,,,,,False
146,barcode-01021160.jpg,/gpfs/project/dollar/ajj38/shared/outliers/barcode-01021160.jpg,,,,,False
147,NHA-598043.jpg,/gpfs/project/dollar/ajj38/shared/outliers/NHA-598043.jpg,,,,,False
148,barcode-00656164.jpg,/gpfs/project/dollar/ajj38/shared/outliers/barcode-00656164.jpg,,,,,False
149,barcode-01069095.jpg,/gpfs/project/dollar/ajj38/shared/outliers/barcode-01069095.jpg,,,,,False
150,2332785.jpg,/gpfs/project/dollar/ajj38/shared/outliers/2332785.jpg,,,,,False
151,barcode-00648492.jpg,/gpfs/project/dollar/ajj38/shared/outliers/barcode-00648492.jpg,,,,,False
152,YU.055388.jpg,/gpfs/project/dollar/ajj38/shared/outliers/YU.055388.jpg,,,,,False
153,YU.055280.jpg,/gpfs/project/dollar/ajj38/shared/outliers/YU.055280.jpg,,,,,False
154,NHA-540512.jpg,/gpfs/project/dollar/ajj38/shared/outliers/NHA-540512.jpg,,,,,False
155,377801.jpg,/gpfs/project/dollar/ajj38/shared/outliers/377801.jpg,,,,,False
156,MAINE00035155.jpg,/gpfs/project/dollar/ajj38/shared/outliers/MAINE00035155.jpg,,,,,False
157,barcode-00732047.jpg,/gpfs/project/dollar/ajj38/shared/outliers/barcode-00732047.jpg,,,,,False
158,CONN00074132.jpg,/gpfs/project/dollar/ajj38/shared/outliers/CONN00074132.jpg,,,,,False
159,barcode-00692438.jpg,/gpfs/project/dollar/ajj38/shared/outliers/barcode-00692438.jpg,,,,,False
160,373124.jpg,/gpfs/project/dollar/ajj38/shared/outliers/373124.jpg,,,,,False
161,YU.081328.jpg,/gpfs/project/dollar/ajj38/shared/outliers/YU.081328.jpg,,,,,False
162,KESC02057.jpg,/gpfs/project/dollar/ajj38/shared/outliers/KESC02057.jpg,,,,,False
163,barcode-00732147.jpg,/gpfs/project/dollar/ajj38/shared/outliers/barcode-00732147.jpg,,,,,False
164,QFA0508661.jpg,/gpfs/project/dollar/ajj38/shared/outliers/QFA0508661.jpg,,,,,False
165,2428329.jpg,/gpfs/project/dollar/ajj38/shared/outliers/2428329.jpg,,,,,False
166,CCNL-10157.jpg,/gpfs/project/dollar/ajj38/shared/outliers/CCNL-10157.jpg,,,,,False
167,barcode-00703954.jpg,/gpfs/project/dollar/ajj38/shared/outliers/barcode-00703954.jpg,,,,,False
168,YU.081327.jpg,/gpfs/project/dollar/ajj38/shared/outliers/YU.081327.jpg,,,,,False
169,CCNL-08090.jpg,/gpfs/project/dollar/ajj38/shared/outliers/CCNL-08090.jpg,,,,,False
170,barcode-00650870.jpg,/gpfs/project/dollar/ajj38/shared/outliers/barcode-00650870.jpg,,,,,False
171,MAINE00034226.jpg,/gpfs/project/dollar/ajj38/shared/outliers/MAINE00034226.jpg,,,,,False
172,CONN00121063.jpg,/gpfs/project/dollar/ajj38/shared/outliers/CONN00121063.jpg,,,,,False
173,barcode-01078361.jpg,/gpfs/project/dollar/ajj38/shared/outliers/barcode-01078361.jpg,,,,,False
174,406167.jpg,/gpfs/project/dollar/ajj38/shared/outliers/406167.jpg,,,,,False
175,YU.082994.jpg,/gpfs/project/dollar/ajj38/shared/outliers/YU.082994.jpg,,,,,False
176,barcode-01062735.jpg,/gpfs/project/dollar/ajj38/shared/outliers/barcode-01062735.jpg,,,,,False
177,KIRI-07935.jpg,/gpfs/project/dollar/ajj38/shared/outliers/KIRI-07935.jpg,,,,,False
178,barcode-00751835.jpg,/gpfs/project/dollar/ajj38/shared/outliers/barcode-00751835.jpg,,,,,False
179,MAINE00015449.jpg,/gpfs/project/dollar/ajj38/shared/outliers/MAINE00015449.jpg,,,,,False
180,barcode-00531116.jpg,/gpfs/project/dollar/ajj38/shared/outliers/barcode-00531116.jpg,,,,,False
181,KESC09386.jpg,/gpfs/project/dollar/ajj38/shared/outliers/KESC09386.jpg,,,,,False
182,CONN00109253.jpg,/gpfs/project/dollar/ajj38/shared/outliers/CONN00109253.jpg,,,,,False
183,barcode-01150944.jpg,/gpfs/project/dollar/ajj38/shared/outliers/barcode-01150944.jpg,,,,,False
184,659014.jpg,/gpfs/project/dollar/ajj38/shared/outliers/659014.jpg,,,,,False
185,barcode-01019223.jpg,/gpfs/project/dollar/ajj38/shared/outliers/barcode-01019223.jpg,,,,,False
186,barcode-01073579.jpg,/gpfs/project/dollar/ajj38/shared/outliers/barcode-01073579.jpg,,,,,False
187,CONN00071606.jpg,/gpfs/project/dollar/ajj38/shared/outliers/CONN00071606.jpg,,,,,False
188,barcode-00560527.jpg,/gpfs/project/dollar/ajj38/shared/outliers/barcode-00560527.jpg,,,,,False
189,barcode-00348395.jpg,/gpfs/project/dollar/ajj38/shared/outliers/barcode-00348395.jpg,,,,,False
190,barcode-00735385.jpg,/gpfs/project/dollar/ajj38/shared/outliers/barcode-00735385.jpg,,,,,False
191,1926.jpg,/gpfs/project/dollar/ajj38/shared/outliers/1926.jpg,,,,,False
192,2505353.jpg,/gpfs/project/dollar/ajj38/shared/outliers/2505353.jpg,,,,,False
193,NHA-718919.jpg,/gpfs/project/dollar/ajj38/shared/outliers/NHA-718919.jpg,,,,,False
194,379518.jpg,/gpfs/project/dollar/ajj38/shared/outliers/379518.jpg,,,,,False
195,barcode-00860944.jpg,/gpfs/project/dollar/ajj38/shared/outliers/barcode-00860944.jpg,,,,,False
196,MAINE00024404.jpg,/gpfs/project/dollar/ajj38/shared/outliers/MAINE00024404.jpg,,,,,False
197,barcode-00553705.jpg,/gpfs/project/dollar/ajj38/shared/outliers/barcode-00553705.jpg,,,,,False
198,PBRU00016471.jpg,/gpfs/project/dollar/ajj38/shared/outliers/PBRU00016471.jpg,,,,,False
199,YU.050734.jpg,/gpfs/project/dollar/ajj38/shared/outliers/YU.050734.jpg,,,,,False
200,398952.jpg,/gpfs/project/dollar/ajj38/shared/outliers/398952.jpg,,,,,False
201,barcode-01065613.jpg,/gpfs/project/dollar/ajj38/shared/outliers/barcode-01065613.jpg,,,,,False
202,barcode-00706995.jpg,/gpfs/project/dollar/ajj38/shared/outliers/barcode-00706995.jpg,,,,,False
203,barcode-01078588.jpg,/gpfs/project/dollar/ajj38/shared/outliers/barcode-01078588.jpg,,,,,False
204,2487568.jpg,/gpfs/project/dollar/ajj38/shared/outliers/2487568.jpg,,,,,False
205,401884.jpg,/gpfs/project/dollar/ajj38/shared/outliers/401884.jpg,,,,,False
206,barcode-00719964.jpg,/gpfs/project/dollar/ajj38/shared/outliers/barcode-00719964.jpg,,,,,False
207,CONN00081428.jpg,/gpfs/project/dollar/ajj38/shared/outliers/CONN00081428.jpg,,,,,False
208,barcode-00582938.jpg,/gpfs/project/dollar/ajj38/shared/outliers/barcode-00582938.jpg,,,,,False
209,KESC03658.jpg,/gpfs/project/dollar/ajj38/shared/outliers/KESC03658.jpg,,,,,False
210,365632.jpg,/gpfs/project/dollar/ajj38/shared/outliers/365632.jpg,,,,,False
211,CONN00118772.jpg,/gpfs/project/dollar/ajj38/shared/outliers/CONN00118772.jpg,,,,,False
212,barcode-00697738.jpg,/gpfs/project/dollar/ajj38/shared/outliers/barcode-00697738.jpg,,,,,False
213,PBRU00011717.jpg,/gpfs/project/dollar/ajj38/shared/outliers/PBRU00011717.jpg,,,,,False
214,NHA-702405.jpg,/gpfs/project/dollar/ajj38/shared/outliers/NHA-702405.jpg,,,,,False
215,barcode-00720281.jpg,/gpfs/project/dollar/ajj38/shared/outliers/barcode-00720281.jpg,,,,,False
216,barcode-00503481.jpg,/gpfs/project/dollar/ajj38/shared/outliers/barcode-00503481.jpg,,,,,False
217,PBRU00022354.jpg,/gpfs/project/dollar/ajj38/shared/outliers/PBRU00022354.jpg,,,,,False
218,barcode-00660465.jpg,/gpfs/project/dollar/ajj38/shared/outliers/barcode-00660465.jpg,,,,,False
219,00323383.jpg,/gpfs/project/dollar/ajj38/shared/outliers/00323383.jpg,,,,,False
220,barcode-00628795.jpg,/gpfs/project/dollar/ajj38/shared/outliers/barcode-00628795.jpg,,,,,False
221,barcode-00654594.jpg,/gpfs/project/dollar/ajj38/shared/outliers/barcode-00654594.jpg,,,,,False
222,barcode-00686045.jpg,/gpfs/project/dollar/ajj38/shared/outliers/barcode-00686045.jpg,,,,,False
223,NHA-656959.jpg,/gpfs/project/dollar/ajj38/shared/outliers/NHA-656959.jpg,,,,,False
224,barcode-01028170.jpg,/gpfs/project/dollar/ajj38/shared/outliers/barcode-01028170.jpg,,,,,False
225,408096.jpg,/gpfs/project/dollar/ajj38/shared/outliers/408096.jpg,,,,,False
226,CONN00090093.jpg,/gpfs/project/dollar/ajj38/shared/outliers/CONN00090093.jpg,,,,,False
227,00310304.jpg,/gpfs/project/dollar/ajj38/shared/outliers/00310304.jpg,,,,,False
228,YU.061662.jpg,/gpfs/project/dollar/ajj38/shared/outliers/YU.061662.jpg,,,,,False
229,PBRU00020908.jpg,/gpfs/project/dollar/ajj38/shared/outliers/PBRU00020908.jpg,,,,,False
230,WGCH-00000550.jpg,/gpfs/project/dollar/ajj38/shared/outliers/WGCH-00000550.jpg,,,,,False
231,CONN00115654.jpg,/gpfs/project/dollar/ajj38/shared/outliers/CONN00115654.jpg,,,,,False
232,00323247.jpg,/gpfs/project/dollar/ajj38/shared/outliers/00323247.jpg,,,,,False
233,PBRU00017650.jpg,/gpfs/project/dollar/ajj38/shared/outliers/PBRU00017650.jpg,,,,,False
234,MAINE00040567.jpg,/gpfs/project/dollar/ajj38/shared/outliers/MAINE00040567.jpg,,,,,False
235,CBS.033378.jpg,/gpfs/project/dollar/ajj38/shared/outliers/CBS.033378.jpg,,,,,False
236,barcode-00650357.jpg,/gpfs/project/dollar/ajj38/shared/outliers/barcode-00650357.jpg,,,,,False
237,MAINE00046702.jpg,/gpfs/project/dollar/ajj38/shared/outliers/MAINE00046702.jpg,,,,,False
238,408534.jpg,/gpfs/project/dollar/ajj38/shared/outliers/408534.jpg,,,,,False
239,barcode-00711620.jpg,/gpfs/project/dollar/ajj38/shared/outliers/barcode-00711620.jpg,,,,,False
240,MAINE00008569.jpg,/gpfs/project/dollar/ajj38/shared/outliers/MAINE00008569.jpg,,,,,False
241,376258.jpg,/gpfs/project/dollar/ajj38/shared/outliers/376258.jpg,,,,,False
242,barcode-00820957.jpg,/gpfs/project/dollar/ajj38/shared/outliers/barcode-00820957.jpg,,,,,False
243,CBS.016994.jpg,/gpfs/project/dollar/ajj38/shared/outliers/CBS.016994.jpg,,,,,False
244,CONN00107470.jpg,/gpfs/project/dollar/ajj38/shared/outliers/CONN00107470.jpg,,,,,False
245,367409.jpg,/gpfs/project/dollar/ajj38/shared/outliers/367409.jpg,,,,,False
246,CONN00091976.jpg,/gpfs/project/dollar/ajj38/shared/outliers/CONN00091976.jpg,,,,,False
247,barcode-00747479.jpg,/gpfs/project/dollar/ajj38/shared/outliers/barcode-00747479.jpg,,,,,False
248,CONN00175581.jpg,/gpfs/project/dollar/ajj38/shared/outliers/CONN00175581.jpg,,,,,False
249,409514.jpg,/gpfs/project/dollar/ajj38/shared/outliers/409514.jpg,,,,,False
250,barcode-00767752.jpg,/gpfs/project/dollar/ajj38/shared/outliers/barcode-00767752.jpg,,,,,False
251,barcode-00731645.jpg,/gpfs/project/dollar/ajj38/shared/outliers/barcode-00731645.jpg,,,,,False
252,CBS.028717.jpg,/gpfs/project/dollar/ajj38/shared/outliers/CBS.028717.jpg,,,,,False
253,barcode-00771109.jpg,/gpfs/project/dollar/ajj38/shared/outliers/barcode-00771109.jpg,,,,,False
254,CONN00110208.jpg,/gpfs/project/dollar/ajj38/shared/outliers/CONN00110208.jpg,,,,,False
255,MAINE00018375.jpg,/gpfs/project/dollar/ajj38/shared/outliers/MAINE00018375.jpg,,,,,False
256,barcode-01036043.jpg,/gpfs/project/dollar/ajj38/shared/outliers/barcode-01036043.jpg,,,,,False
257,CONN00169571.jpg,/gpfs/project/dollar/ajj38/shared/outliers/CONN00169571.jpg,,,,,False
258,365842.jpg,/gpfs/project/dollar/ajj38/shared/outliers/365842.jpg,,,,,False
259,MAINE00021007.jpg,/gpfs/project/dollar/ajj38/shared/outliers/MAINE00021007.jpg,,,,,False
260,NHA-707645.jpg,/gpfs/project/dollar/ajj38/shared/outliers/NHA-707645.jpg,,,,,False
261,NHA-504421.jpg,/gpfs/project/dollar/ajj38/shared/outliers/NHA-504421.jpg,,,,,False
262,NHA-674682.jpg,/gpfs/project/dollar/ajj38/shared/outliers/NHA-674682.jpg,,,,,False
263,CBS.021718.jpg,/gpfs/project/dollar/ajj38/shared/outliers/CBS.021718.jpg,,,,,False
264,barcode-00580638.jpg,/gpfs/project/dollar/ajj38/shared/outliers/barcode-00580638.jpg,,,,,False
265,barcode-00687972.jpg,/gpfs/project/dollar/ajj38/shared/outliers/barcode-00687972.jpg,,,,,False
266,barcode-00694892.jpg,/gpfs/project/dollar/ajj38/shared/outliers/barcode-00694892.jpg,,,,,False
267,2461894.jpg,/gpfs/project/dollar/ajj38/shared/outliers/2461894.jpg,,,,,False
268,CONN00134720.jpg,/gpfs/project/dollar/ajj38/shared/outliers/CONN00134720.jpg,,,,,False
269,barcode-00598715.jpg,/gpfs/project/dollar/ajj38/shared/outliers/barcode-00598715.jpg,,,,,False
270,barcode-00753400.jpg,/gpfs/project/dollar/ajj38/shared/outliers/barcode-00753400.jpg,,,,,False
271,barcode-00563078.jpg,/gpfs/project/dollar/ajj38/shared/outliers/barcode-00563078.jpg,,,,,False
272,CONN00059940.jpg,/gpfs/project/dollar/ajj38/shared/outliers/CONN00059940.jpg,,,,,False
273,barcode-01008870.jpg,/gpfs/project/dollar/ajj38/shared/outliers/barcode-01008870.jpg,,,,,False
274,CBS.034170.jpg,/gpfs/project/dollar/ajj38/shared/outliers/CBS.034170.jpg,,,,,False
275,barcode-00653671.jpg,/gpfs/project/dollar/ajj38/shared/outliers/barcode-00653671.jpg,,,,,False
276,NHA-627770.jpg,/gpfs/project/dollar/ajj38/shared/outliers/NHA-627770.jpg,,,,,False
277,YU.026016.jpg,/gpfs/project/dollar/ajj38/shared/outliers/YU.026016.jpg,,,,,False
278,MAINE00034955.jpg,/gpfs/project/dollar/ajj38/shared/outliers/MAINE00034955.jpg,,,,,False
279,barcode-00593248.jpg,/gpfs/project/dollar/ajj38/shared/outliers/barcode-00593248.jpg,,,,,False
280,YU.007184.jpg,/gpfs/project/dollar/ajj38/shared/outliers/YU.007184.jpg,,,,,False
281,barcode-00763750.jpg,/gpfs/project/dollar/ajj38/shared/outliers/barcode-00763750.jpg,,,,,False
282,CBS.025484.jpg,/gpfs/project/dollar/ajj38/shared/outliers/CBS.025484.jpg,,,,,False
283,736.jpg,/gpfs/project/dollar/ajj38/shared/outliers/736.jpg,,,,,False
284,MAINE00022003.jpg,/gpfs/project/dollar/ajj38/shared/outliers/MAINE00022003.jpg,,,,,False
285,CONN00175580.jpg,/gpfs/project/dollar/ajj38/shared/outliers/CONN00175580.jpg,,,,,False
286,barcode-00517833.jpg,/gpfs/project/dollar/ajj38/shared/outliers/barcode-00517833.jpg,,,,,False
287,barcode-00741252.jpg,/gpfs/project/dollar/ajj38/shared/outliers/barcode-00741252.jpg,,,,,False
288,00323741.jpg,/gpfs/project/dollar/ajj38/shared/outliers/00323741.jpg,,,,,False
289,NHA-627887.jpg,/gpfs/project/dollar/ajj38/shared/outliers/NHA-627887.jpg,,,,,False
290,NHA-725408.jpg,/gpfs/project/dollar/ajj38/shared/outliers/NHA-725408.jpg,,,,,False
291,MAINE00023449.jpg,/gpfs/project/dollar/ajj38/shared/outliers/MAINE00023449.jpg,,,,,False
292,KESC09881.jpg,/gpfs/project/dollar/ajj38/shared/outliers/KESC09881.jpg,,,,,False
293,barcode-00630032.jpg,/gpfs/project/dollar/ajj38/shared/outliers/barcode-00630032.jpg,,,,,False
294,barcode-01007356.jpg,/gpfs/project/dollar/ajj38/shared/outliers/barcode-01007356.jpg,,,,,False
295,YU.062886.jpg,/gpfs/project/dollar/ajj38/shared/outliers/YU.062886.jpg,,,,,False
296,barcode-00677587.jpg,/gpfs/project/dollar/ajj38/shared/outliers/barcode-00677587.jpg,,,,,False
297,369118.jpg,/gpfs/project/dollar/ajj38/shared/outliers/369118.jpg,,,,,False
298,barcode-01063835.jpg,/gpfs/project/dollar/ajj38/shared/outliers/barcode-01063835.jpg,,,,,False
299,YU.075842.jpg,/gpfs/project/dollar/ajj38/shared/outliers/YU.075842.jpg,,,,,False
300,374877.jpg,/gpfs/project/dollar/ajj38/shared/outliers/374877.jpg,,,,,False
301,CONN00121651.jpg,/gpfs/project/dollar/ajj38/shared/outliers/CONN00121651.jpg,,,,,False
302,barcode-01017372.jpg,/gpfs/project/dollar/ajj38/shared/outliers/barcode-01017372.jpg,,,,,False
303,YU.069297.jpg,/gpfs/project/dollar/ajj38/shared/outliers/YU.069297.jpg,,,,,False
304,CCNL-06367.jpg,/gpfs/project/dollar/ajj38/shared/outliers/CCNL-06367.jpg,,,,,False
305,barcode-00756906.jpg,/gpfs/project/dollar/ajj38/shared/outliers/barcode-00756906.jpg,,,,,False
306,YU.067299.jpg,/gpfs/project/dollar/ajj38/shared/outliers/YU.067299.jpg,,,,,False
307,barcode-00662401.jpg,/gpfs/project/dollar/ajj38/shared/outliers/barcode-00662401.jpg,,,,,False
308,NHA-627999.jpg,/gpfs/project/dollar/ajj38/shared/outliers/NHA-627999.jpg,,,,,False
309,barcode-00642258.jpg,/gpfs/project/dollar/ajj38/shared/outliers/barcode-00642258.jpg,,,,,False
310,CBS.033379.jpg,/gpfs/project/dollar/ajj38/shared/outliers/CBS.033379.jpg,,,,,False
311,barcode-00564359.jpg,/gpfs/project/dollar/ajj38/shared/outliers/barcode-00564359.jpg,,,,,False
312,2397077.jpg,/gpfs/project/dollar/ajj38/shared/outliers/2397077.jpg,,,,,False
313,CONN00093287.jpg,/gpfs/project/dollar/ajj38/shared/outliers/CONN00093287.jpg,,,,,False
314,barcode-00750659.jpg,/gpfs/project/dollar/ajj38/shared/outliers/barcode-00750659.jpg,,,,,False
315,barcode-00641722.jpg,/gpfs/project/dollar/ajj38/shared/outliers/barcode-00641722.jpg,,,,,False
316,barcode-00653106.jpg,/gpfs/project/dollar/ajj38/shared/outliers/barcode-00653106.jpg,,,,,False
317,CONN00068832.jpg,/gpfs/project/dollar/ajj38/shared/outliers/CONN00068832.jpg,,,,,False
318,barcode-00502466.jpg,/gpfs/project/dollar/ajj38/shared/outliers/barcode-00502466.jpg,,,,,False
319,CBS.020995.jpg,/gpfs/project/dollar/ajj38/shared/outliers/CBS.020995.jpg,,,,,False
320,barcode-01018181.jpg,/gpfs/project/dollar/ajj38/shared/outliers/barcode-01018181.jpg,,,,,False
321,MAINE00006116.jpg,/gpfs/project/dollar/ajj38/shared/outliers/MAINE00006116.jpg,,,,,False
322,CCNL-03463.jpg,/gpfs/project/dollar/ajj38/shared/outliers/CCNL-03463.jpg,,,,,False
323,YU.079019.jpg,/gpfs/project/dollar/ajj38/shared/outliers/YU.079019.jpg,,,,,False
324,barcode-00747892.jpg,/gpfs/project/dollar/ajj38/shared/outliers/barcode-00747892.jpg,,,,,False
325,2489014.jpg,/gpfs/project/dollar/ajj38/shared/outliers/2489014.jpg,,,,,False
326,YU.073401.jpg,/gpfs/project/dollar/ajj38/shared/outliers/YU.073401.jpg,,,,,False
327,NHA-702404.jpg,/gpfs/project/dollar/ajj38/shared/outliers/NHA-702404.jpg,,,,,False
328,CONN00081622.jpg,/gpfs/project/dollar/ajj38/shared/outliers/CONN00081622.jpg,,,,,False
329,CONN00126004.jpg,/gpfs/project/dollar/ajj38/shared/outliers/CONN00126004.jpg,,,,,False
330,BSN-01084.jpg,/gpfs/project/dollar/ajj38/shared/outliers/BSN-01084.jpg,,,,,False
331,CONN00170935.jpg,/gpfs/project/dollar/ajj38/shared/outliers/CONN00170935.jpg,,,,,False
332,barcode-00757768.jpg,/gpfs/project/dollar/ajj38/shared/outliers/barcode-00757768.jpg,,,,,False
333,barcode-00753298.jpg,/gpfs/project/dollar/ajj38/shared/outliers/barcode-00753298.jpg,,,,,False
334,NHA-606032.jpg,/gpfs/project/dollar/ajj38/shared/outliers/NHA-606032.jpg,,,,,False
335,366027.jpg,/gpfs/project/dollar/ajj38/shared/outliers/366027.jpg,,,,,False
336,barcode-00580236.jpg,/gpfs/project/dollar/ajj38/shared/outliers/barcode-00580236.jpg,,,,,False
337,CONN00168223.jpg,/gpfs/project/dollar/ajj38/shared/outliers/CONN00168223.jpg,,,,,False
338,barcode-00230793.jpg,/gpfs/project/dollar/ajj38/shared/outliers/barcode-00230793.jpg,,,,,False
339,MAINE00046200.jpg,/gpfs/project/dollar/ajj38/shared/outliers/MAINE00046200.jpg,,,,,False
340,00320524.jpg,/gpfs/project/dollar/ajj38/shared/outliers/00320524.jpg,,,,,False
341,2509903.jpg,/gpfs/project/dollar/ajj38/shared/outliers/2509903.jpg,,,,,False
342,barcode-00518544.jpg,/gpfs/project/dollar/ajj38/shared/outliers/barcode-00518544.jpg,,,,,False
343,CBS.032776.jpg,/gpfs/project/dollar/ajj38/shared/outliers/CBS.032776.jpg,,,,,False
344,barcode-00700103.jpg,/gpfs/project/dollar/ajj38/shared/outliers/barcode-00700103.jpg,,,,,False
345,372855.jpg,/gpfs/project/dollar/ajj38/shared/outliers/372855.jpg,,,,,False
346,CBS.015913.jpg,/gpfs/project/dollar/ajj38/shared/outliers/CBS.015913.jpg,,,,,False
347,barcode-00738813.jpg,/gpfs/project/dollar/ajj38/shared/outliers/barcode-00738813.jpg,,,,,False
348,barcode-01023243.jpg,/gpfs/project/dollar/ajj38/shared/outliers/barcode-01023243.jpg,,,,,False
349,CCSU-08446.jpg,/gpfs/project/dollar/ajj38/shared/outliers/CCSU-08446.jpg,,,,,False
350,PBRU00020800.jpg,/gpfs/project/dollar/ajj38/shared/outliers/PBRU00020800.jpg,,,,,False
351,NHA-627642.jpg,/gpfs/project/dollar/ajj38/shared/outliers/NHA-627642.jpg,,,,,False
352,411197.jpg,/gpfs/project/dollar/ajj38/shared/outliers/411197.jpg,,,,,False
353,WSCH010808.jpg,/gpfs/project/dollar/ajj38/shared/outliers/WSCH010808.jpg,,,,,False
354,CONN00171709.jpg,/gpfs/project/dollar/ajj38/shared/outliers/CONN00171709.jpg,,,,,False
355,349077.jpg,/gpfs/project/dollar/ajj38/shared/outliers/349077.jpg,,,,,False
356,barcode-00752997.jpg,/gpfs/project/dollar/ajj38/shared/outliers/barcode-00752997.jpg,,,,,False
357,barcode-00653670.jpg,/gpfs/project/dollar/ajj38/shared/outliers/barcode-00653670.jpg,,,,,False
358,CONN00099757.jpg,/gpfs/project/dollar/ajj38/shared/outliers/CONN00099757.jpg,,,,,False
359,barcode-00576130.jpg,/gpfs/project/dollar/ajj38/shared/outliers/barcode-00576130.jpg,,,,,False
360,2579129.jpg,/gpfs/project/dollar/ajj38/shared/outliers/2579129.jpg,,,,,False
361,barcode-00690521.jpg,/gpfs/project/dollar/ajj38/shared/outliers/barcode-00690521.jpg,,,,,False
362,CONN00112552.jpg,/gpfs/project/dollar/ajj38/shared/outliers/CONN00112552.jpg,,,,,False
363,PBRU00036527.jpg,/gpfs/project/dollar/ajj38/shared/outliers/PBRU00036527.jpg,,,,,False
364,WCSU-02942.jpg,/gpfs/project/dollar/ajj38/shared/outliers/WCSU-02942.jpg,,,,,False
365,barcode-00582029.jpg,/gpfs/project/dollar/ajj38/shared/outliers/barcode-00582029.jpg,,,,,False
366,barcode-00628994.jpg,/gpfs/project/dollar/ajj38/shared/outliers/barcode-00628994.jpg,,,,,False
367,barcode-00586015.jpg,/gpfs/project/dollar/ajj38/shared/outliers/barcode-00586015.jpg,,,,,False
368,barcode-01071979.jpg,/gpfs/project/dollar/ajj38/shared/outliers/barcode-01071979.jpg,,,,,False
369,CONN00156416.jpg,/gpfs/project/dollar/ajj38/shared/outliers/CONN00156416.jpg,,,,,False
370,2564467.jpg,/gpfs/project/dollar/ajj38/shared/outliers/2564467.jpg,,,,,False
371,PBRU00056304.jpg,/gpfs/project/dollar/ajj38/shared/outliers/PBRU00056304.jpg,,,,,False
372,NHA-547424.jpg,/gpfs/project/dollar/ajj38/shared/outliers/NHA-547424.jpg,,,,,False
373,PBRU00020547.jpg,/gpfs/project/dollar/ajj38/shared/outliers/PBRU00020547.jpg,,,,,False
374,barcode-00501750.jpg,/gpfs/project/dollar/ajj38/shared/outliers/barcode-00501750.jpg,,,,,False
375,YU.084465.jpg,/gpfs/project/dollar/ajj38/shared/outliers/YU.084465.jpg,,,,,False
376,barcode-00387599.jpg,/gpfs/project/dollar/ajj38/shared/outliers/barcode-00387599.jpg,,,,,False
377,barcode-00643358.jpg,/gpfs/project/dollar/ajj38/shared/outliers/barcode-00643358.jpg,,,,,False
378,CBS.021823.jpg,/gpfs/project/dollar/ajj38/shared/outliers/CBS.021823.jpg,,,,,False
379,barcode-01016640.jpg,/gpfs/project/dollar/ajj38/shared/outliers/barcode-01016640.jpg,,,,,False
380,YU.054184.jpg,/gpfs/project/dollar/ajj38/shared/outliers/YU.054184.jpg,,,,,False
381,NHA-656958.jpg,/gpfs/project/dollar/ajj38/shared/outliers/NHA-656958.jpg,,,,,False
382,CONN00162279.jpg,/gpfs/project/dollar/ajj38/shared/outliers/CONN00162279.jpg,,,,,False
383,barcode-00711619.jpg,/gpfs/project/dollar/ajj38/shared/outliers/barcode-00711619.jpg,,,,,False
384,NHA-700868.jpg,/gpfs/project/dollar/ajj38/shared/outliers/NHA-700868.jpg,,,,,False
385,barcode-00644583.jpg,/gpfs/project/dollar/ajj38/shared/outliers/barcode-00644583.jpg,,,,,False
386,405667.jpg,/gpfs/project/dollar/ajj38/shared/outliers/405667.jpg,,,,,False
387,barcode-00744879.jpg,/gpfs/project/dollar/ajj38/shared/outliers/barcode-00744879.jpg,,,,,False
388,barcode-00693849.jpg,/gpfs/project/dollar/ajj38/shared/outliers/barcode-00693849.jpg,,,,,False
389,NHA-681547.jpg,/gpfs/project/dollar/ajj38/shared/outliers/NHA-681547.jpg,,,,,False
390,barcode-00593857.jpg,/gpfs/project/dollar/ajj38/shared/outliers/barcode-00593857.jpg,,,,,False
391,barcode-01051916.jpg,/gpfs/project/dollar/ajj38/shared/outliers/barcode-01051916.jpg,,,,,False
392,CCNL-13637.jpg,/gpfs/project/dollar/ajj38/shared/outliers/CCNL-13637.jpg,,,,,False
393,barcode-00682850.jpg,/gpfs/project/dollar/ajj38/shared/outliers/barcode-00682850.jpg,,,,,False
394,YU.015864.jpg,/gpfs/project/dollar/ajj38/shared/outliers/YU.015864.jpg,,,,,False
395,QFA0383059.jpg,/gpfs/project/dollar/ajj38/shared/outliers/QFA0383059.jpg,,,,,False
396,NHA-711372.jpg,/gpfs/project/dollar/ajj38/shared/outliers/NHA-711372.jpg,,,,,False
397,barcode-01072281.jpg,/gpfs/project/dollar/ajj38/shared/outliers/barcode-01072281.jpg,,,,,False
398,CONN00062953.jpg,/gpfs/project/dollar/ajj38/shared/outliers/CONN00062953.jpg,,,,,False
399,CONN00113579.jpg,/gpfs/project/dollar/ajj38/shared/outliers/CONN00113579.jpg,,,,,False
400,YU.084053.jpg,/gpfs/project/dollar/ajj38/shared/outliers/YU.084053.jpg,,,,,False
401,BSN-11894.jpg,/gpfs/project/dollar/ajj38/shared/outliers/BSN-11894.jpg,,,,,False
402,barcode-00739922.jpg,/gpfs/project/dollar/ajj38/shared/outliers/barcode-00739922.jpg,,,,,False
403,barcode-00714952.jpg,/gpfs/project/dollar/ajj38/shared/outliers/barcode-00714952.jpg,,,,,False
404,NHA-708458.jpg,/gpfs/project/dollar/ajj38/shared/outliers/NHA-708458.jpg,,,,,False
405,00328837.jpg,/gpfs/project/dollar/ajj38/shared/outliers/00328837.jpg,,,,,False
406,barcode-01068226.jpg,/gpfs/project/dollar/ajj38/shared/outliers/barcode-01068226.jpg,,,,,False
407,barcode-01071175.jpg,/gpfs/project/dollar/ajj38/shared/outliers/barcode-01071175.jpg,,,,,False
408,2393370.jpg,/gpfs/project/dollar/ajj38/shared/outliers/2393370.jpg,,,,,False
409,348215.jpg,/gpfs/project/dollar/ajj38/shared/outliers/348215.jpg,,,,,False
410,CONN00072732.jpg,/gpfs/project/dollar/ajj38/shared/outliers/CONN00072732.jpg,,,,,False
411,barcode-00765548.jpg,/gpfs/project/dollar/ajj38/shared/outliers/barcode-00765548.jpg,,,,,False
412,CONN00152286.jpg,/gpfs/project/dollar/ajj38/shared/outliers/CONN00152286.jpg,,,,,False
413,barcode-01023885.jpg,/gpfs/project/dollar/ajj38/shared/outliers/barcode-01023885.jpg,,,,,False
414,00317694.jpg,/gpfs/project/dollar/ajj38/shared/outliers/00317694.jpg,,,,,False
415,CONN00171210.jpg,/gpfs/project/dollar/ajj38/shared/outliers/CONN00171210.jpg,,,,,False
416,NHA-661531.jpg,/gpfs/project/dollar/ajj38/shared/outliers/NHA-661531.jpg,,,,,False
417,barcode-00626987.jpg,/gpfs/project/dollar/ajj38/shared/outliers/barcode-00626987.jpg,,,,,False
418,CONN00134977.jpg,/gpfs/project/dollar/ajj38/shared/outliers/CONN00134977.jpg,,,,,False
419,NHA-564634.jpg,/gpfs/project/dollar/ajj38/shared/outliers/NHA-564634.jpg,,,,,False
420,1255269.jpg,/gpfs/project/dollar/ajj38/shared/outliers/1255269.jpg,,,,,False
421,MAINE00048954.jpg,/gpfs/project/dollar/ajj38/shared/outliers/MAINE00048954.jpg,,,,,False
422,PBRU00018089.jpg,/gpfs/project/dollar/ajj38/shared/outliers/PBRU00018089.jpg,,,,,False
423,326050.jpg,/gpfs/project/dollar/ajj38/shared/outliers/326050.jpg,,,,,False
424,KIRI-01308.jpg,/gpfs/project/dollar/ajj38/shared/outliers/KIRI-01308.jpg,,,,,False
425,MAINE00014992.jpg,/gpfs/project/dollar/ajj38/shared/outliers/MAINE00014992.jpg,,,,,False
426,YU.073156.jpg,/gpfs/project/dollar/ajj38/shared/outliers/YU.073156.jpg,,,,,False
427,barcode-00831659.jpg,/gpfs/project/dollar/ajj38/shared/outliers/barcode-00831659.jpg,,,,,False
428,2382999.jpg,/gpfs/project/dollar/ajj38/shared/outliers/2382999.jpg,,,,,False
429,barcode-00569717.jpg,/gpfs/project/dollar/ajj38/shared/outliers/barcode-00569717.jpg,,,,,False
430,CBS.036977.jpg,/gpfs/project/dollar/ajj38/shared/outliers/CBS.036977.jpg,,,,,False
431,YU.081326.jpg,/gpfs/project/dollar/ajj38/shared/outliers/YU.081326.jpg,,,,,False
432,00338465.jpg,/gpfs/project/dollar/ajj38/shared/outliers/00338465.jpg,,,,,False
433,NHA-719254.jpg,/gpfs/project/dollar/ajj38/shared/outliers/NHA-719254.jpg,,,,,False
434,YU.062096.jpg,/gpfs/project/dollar/ajj38/shared/outliers/YU.062096.jpg,,,,,False
435,barcode-00593147.jpg,/gpfs/project/dollar/ajj38/shared/outliers/barcode-00593147.jpg,,,,,False
436,CCSU-05435.jpg,/gpfs/project/dollar/ajj38/shared/outliers/CCSU-05435.jpg,,,,,False
437,NHA-718683.jpg,/gpfs/project/dollar/ajj38/shared/outliers/NHA-718683.jpg,,,,,False
438,368917.jpg,/gpfs/project/dollar/ajj38/shared/outliers/368917.jpg,,,,,False
439,WSCH010807.jpg,/gpfs/project/dollar/ajj38/shared/outliers/WSCH010807.jpg,,,,,False
440,NHA-717803.jpg,/gpfs/project/dollar/ajj38/shared/outliers/NHA-717803.jpg,,,,,False
441,2678324.jpg,/gpfs/project/dollar/ajj38/shared/outliers/2678324.jpg,,,,,False
442,2487337.jpg,/gpfs/project/dollar/ajj38/shared/outliers/2487337.jpg,,,,,False
443,barcode-00535684.jpg,/gpfs/project/dollar/ajj38/shared/outliers/barcode-00535684.jpg,,,,,False
444,NHA-697107.jpg,/gpfs/project/dollar/ajj38/shared/outliers/NHA-697107.jpg,,,,,False
445,barcode-00552891.jpg,/gpfs/project/dollar/ajj38/shared/outliers/barcode-00552891.jpg,,,,,False
446,00322963.jpg,/gpfs/project/dollar/ajj38/shared/outliers/00322963.jpg,,,,,False
447,2430419.jpg,/gpfs/project/dollar/ajj38/shared/outliers/2430419.jpg,,,,,False
448,barcode-00667512.jpg,/gpfs/project/dollar/ajj38/shared/outliers/barcode-00667512.jpg,,,,,False
449,barcode-00703126.jpg,/gpfs/project/dollar/ajj38/shared/outliers/barcode-00703126.jpg,,,,,False
450,CONN00081288.jpg,/gpfs/project/dollar/ajj38/shared/outliers/CONN00081288.jpg,,,,,False
451,barcode-00761755.jpg,/gpfs/project/dollar/ajj38/shared/outliers/barcode-00761755.jpg,,,,,False
452,MAINE00042489.jpg,/gpfs/project/dollar/ajj38/shared/outliers/MAINE00042489.jpg,,,,,False
453,YU.032125.jpg,/gpfs/project/dollar/ajj38/shared/outliers/YU.032125.jpg,,,,,False
454,00350377.jpg,/gpfs/project/dollar/ajj38/shared/outliers/00350377.jpg,,,,,False
455,PBRU00021985.jpg,/gpfs/project/dollar/ajj38/shared/outliers/PBRU00021985.jpg,,,,,False
456,barcode-01080966.jpg,/gpfs/project/dollar/ajj38/shared/outliers/barcode-01080966.jpg,,,,,False
457,341381.jpg,/gpfs/project/dollar/ajj38/shared/outliers/341381.jpg,,,,,False
458,barcode-00696390.jpg,/gpfs/project/dollar/ajj38/shared/outliers/barcode-00696390.jpg,,,,,False
459,MAINE00035257.jpg,/gpfs/project/dollar/ajj38/shared/outliers/MAINE00035257.jpg,,,,,False
460,YU.084760.jpg,/gpfs/project/dollar/ajj38/shared/outliers/YU.084760.jpg,,,,,False
461,barcode-01063834.jpg,/gpfs/project/dollar/ajj38/shared/outliers/barcode-01063834.jpg,,,,,False
462,barcode-00655100.jpg,/gpfs/project/dollar/ajj38/shared/outliers/barcode-00655100.jpg,,,,,False
463,374678.jpg,/gpfs/project/dollar/ajj38/shared/outliers/374678.jpg,,,,,False
464,barcode-00745836.jpg,/gpfs/project/dollar/ajj38/shared/outliers/barcode-00745836.jpg,,,,,False
465,barcode-01026532.jpg,/gpfs/project/dollar/ajj38/shared/outliers/barcode-01026532.jpg,,,,,False
466,CONN00173165.jpg,/gpfs/project/dollar/ajj38/shared/outliers/CONN00173165.jpg,,,,,False
467,barcode-00833677.jpg,/gpfs/project/dollar/ajj38/shared/outliers/barcode-00833677.jpg,,,,,False
468,MAINE00039142.jpg,/gpfs/project/dollar/ajj38/shared/outliers/MAINE00039142.jpg,,,,,False
469,BSN-26536.jpg,/gpfs/project/dollar/ajj38/shared/outliers/BSN-26536.jpg,,,,,False
470,barcode-00415901.jpg,/gpfs/project/dollar/ajj38/shared/outliers/barcode-00415901.jpg,,,,,False
471,barcode-00525409.jpg,/gpfs/project/dollar/ajj38/shared/outliers/barcode-00525409.jpg,,,,,False
472,barcode-00693748.jpg,/gpfs/project/dollar/ajj38/shared/outliers/barcode-00693748.jpg,,,,,False
473,411738.jpg,/gpfs/project/dollar/ajj38/shared/outliers/411738.jpg,,,,,False
474,2096416.jpg,/gpfs/project/dollar/ajj38/shared/outliers/2096416.jpg,,,,,False
475,barcode-00706594.jpg,/gpfs/project/dollar/ajj38/shared/outliers/barcode-00706594.jpg,,,,,False
476,barcode-00677291.jpg,/gpfs/project/dollar/ajj38/shared/outliers/barcode-00677291.jpg,,,,,False
477,373231.jpg,/gpfs/project/dollar/ajj38/shared/outliers/373231.jpg,,,,,False
478,CONN00087138.jpg,/gpfs/project/dollar/ajj38/shared/outliers/CONN00087138.jpg,,,,,False
479,332873.jpg,/gpfs/project/dollar/ajj38/shared/outliers/332873.jpg,,,,,False
480,00323897.jpg,/gpfs/project/dollar/ajj38/shared/outliers/00323897.jpg,,,,,False
481,398446.jpg,/gpfs/project/dollar/ajj38/shared/outliers/398446.jpg,,,,,False
482,ASRI0027.jpg,/gpfs/project/dollar/ajj38/shared/outliers/ASRI0027.jpg,,,,,False
483,MAINE00044177.jpg,/gpfs/project/dollar/ajj38/shared/outliers/MAINE00044177.jpg,,,,,False
484,barcode-00735286.jpg,/gpfs/project/dollar/ajj38/shared/outliers/barcode-00735286.jpg,,,,,False
485,barcode-00564972.jpg,/gpfs/project/dollar/ajj38/shared/outliers/barcode-00564972.jpg,,,,,False
486,CONN00109500.jpg,/gpfs/project/dollar/ajj38/shared/outliers/CONN00109500.jpg,,,,,False
487,barcode-00728316.jpg,/gpfs/project/dollar/ajj38/shared/outliers/barcode-00728316.jpg,,,,,False
488,MAINE00018763.jpg,/gpfs/project/dollar/ajj38/shared/outliers/MAINE00018763.jpg,,,,,False
489,YU.051391.jpg,/gpfs/project/dollar/ajj38/shared/outliers/YU.051391.jpg,,,,,False
490,CONN00175196.jpg,/gpfs/project/dollar/ajj38/shared/outliers/CONN00175196.jpg,,,,,False
491,NHA-646469.jpg,/gpfs/project/dollar/ajj38/shared/outliers/NHA-646469.jpg,,,,,False
492,NHA-531678.jpg,/gpfs/project/dollar/ajj38/shared/outliers/NHA-531678.jpg,,,,,False
493,KESC02055.jpg,/gpfs/project/dollar/ajj38/shared/outliers/KESC02055.jpg,,,,,False
494,CCNL-08860.jpg,/gpfs/project/dollar/ajj38/shared/outliers/CCNL-08860.jpg,,,,,False
495,CONN00118657.jpg,/gpfs/project/dollar/ajj38/shared/outliers/CONN00118657.jpg,,,,,False
496,00369368.jpg,/gpfs/project/dollar/ajj38/shared/outliers/00369368.jpg,,,,,False
497,CCSU-05289.jpg,/gpfs/project/dollar/ajj38/shared/outliers/CCSU-05289.jpg,,,,,False
498,barcode-00581418.jpg,/gpfs/project/dollar/ajj38/shared/outliers/barcode-00581418.jpg,,,,,False
499,CONN00065520.jpg,/gpfs/project/dollar/ajj38/shared/outliers/CONN00065520.jpg,,,,,False
500,CONN00134573.jpg,/gpfs/project/dollar/ajj38/shared/outliers/CONN00134573.jpg,,,,,False
501,NHA-646340.jpg,/gpfs/project/dollar/ajj38/shared/outliers/NHA-646340.jpg,,,,,False
502,CONN00054290.jpg,/gpfs/project/dollar/ajj38/shared/outliers/CONN00054290.jpg,,,,,False
503,barcode-00463797.jpg,/gpfs/project/dollar/ajj38/shared/outliers/barcode-00463797.jpg,,,,,False
504,397564.jpg,/gpfs/project/dollar/ajj38/shared/outliers/397564.jpg,,,,,False
505,barcode-00703329.jpg,/gpfs/project/dollar/ajj38/shared/outliers/barcode-00703329.jpg,,,,,False
506,barcode-01070985.jpg,/gpfs/project/dollar/ajj38/shared/outliers/barcode-01070985.jpg,,,,,False
507,MAINE00006213.jpg,/gpfs/project/dollar/ajj38/shared/outliers/MAINE00006213.jpg,,,,,False
508,MAINE00038050.jpg,/gpfs/project/dollar/ajj38/shared/outliers/MAINE00038050.jpg,,,,,False
509,NHA-720839.jpg,/gpfs/project/dollar/ajj38/shared/outliers/NHA-720839.jpg,,,,,False
510,barcode-01056832.jpg,/gpfs/project/dollar/ajj38/shared/outliers/barcode-01056832.jpg,,,,,False
511,YU.073645.jpg,/gpfs/project/dollar/ajj38/shared/outliers/YU.073645.jpg,,,,,False
512,YU.024448.jpg,/gpfs/project/dollar/ajj38/shared/outliers/YU.024448.jpg,,,,,False
513,NHA-675471.jpg,/gpfs/project/dollar/ajj38/shared/outliers/NHA-675471.jpg,,,,,False
514,PBRU00016609.jpg,/gpfs/project/dollar/ajj38/shared/outliers/PBRU00016609.jpg,,,,,False
515,barcode-00684860.jpg,/gpfs/project/dollar/ajj38/shared/outliers/barcode-00684860.jpg,,,,,False
516,barcode-00654494.jpg,/gpfs/project/dollar/ajj38/shared/outliers/barcode-00654494.jpg,,,,,False
517,barcode-00762545.jpg,/gpfs/project/dollar/ajj38/shared/outliers/barcode-00762545.jpg,,,,,False
518,NHA-699143.jpg,/gpfs/project/dollar/ajj38/shared/outliers/NHA-699143.jpg,,,,,False
519,barcode-00375735.jpg,/gpfs/project/dollar/ajj38/shared/outliers/barcode-00375735.jpg,,,,,False
520,YU.083098.jpg,/gpfs/project/dollar/ajj38/shared/outliers/YU.083098.jpg,,,,,False
521,337218.jpg,/gpfs/project/dollar/ajj38/shared/outliers/337218.jpg,,,,,False
522,395810.jpg,/gpfs/project/dollar/ajj38/shared/outliers/395810.jpg,,,,,False
523,CONN00007397.jpg,/gpfs/project/dollar/ajj38/shared/outliers/CONN00007397.jpg,,,,,False
524,barcode-00664663.jpg,/gpfs/project/dollar/ajj38/shared/outliers/barcode-00664663.jpg,,,,,False
525,CONN00120389.jpg,/gpfs/project/dollar/ajj38/shared/outliers/CONN00120389.jpg,,,,,False
526,barcode-00681042.jpg,/gpfs/project/dollar/ajj38/shared/outliers/barcode-00681042.jpg,,,,,False
527,572825.jpg,/gpfs/project/dollar/ajj38/shared/outliers/572825.jpg,,,,,False
528,NHA-723939.jpg,/gpfs/project/dollar/ajj38/shared/outliers/NHA-723939.jpg,,,,,False
529,415815.jpg,/gpfs/project/dollar/ajj38/shared/outliers/415815.jpg,,,,,False
530,2566555.jpg,/gpfs/project/dollar/ajj38/shared/outliers/2566555.jpg,,,,,False
531,NHA-558579.jpg,/gpfs/project/dollar/ajj38/shared/outliers/NHA-558579.jpg,,,,,False
532,QFA0539123.jpg,/gpfs/project/dollar/ajj38/shared/outliers/QFA0539123.jpg,,,,,False
533,NHA-723777.jpg,/gpfs/project/dollar/ajj38/shared/outliers/NHA-723777.jpg,,,,,False
534,CCNL-04867.jpg,/gpfs/project/dollar/ajj38/shared/outliers/CCNL-04867.jpg,,,,,False
535,CONN00173270.jpg,/gpfs/project/dollar/ajj38/shared/outliers/CONN00173270.jpg,,,,,False
536,CBS.017760.jpg,/gpfs/project/dollar/ajj38/shared/outliers/CBS.017760.jpg,,,,,False
537,barcode-00485201.jpg,/gpfs/project/dollar/ajj38/shared/outliers/barcode-00485201.jpg,,,,,False
538,barcode-00711420.jpg,/gpfs/project/dollar/ajj38/shared/outliers/barcode-00711420.jpg,,,,,False
539,NHA-563454.jpg,/gpfs/project/dollar/ajj38/shared/outliers/NHA-563454.jpg,,,,,False
540,CCNL-08212.jpg,/gpfs/project/dollar/ajj38/shared/outliers/CCNL-08212.jpg,,,,,False
541,NHA-711256.jpg,/gpfs/project/dollar/ajj38/shared/outliers/NHA-711256.jpg,,,,,False
542,barcode-01055124.jpg,/gpfs/project/dollar/ajj38/shared/outliers/barcode-01055124.jpg,,,,,False
543,CONN00139575.jpg,/gpfs/project/dollar/ajj38/shared/outliers/CONN00139575.jpg,,,,,False
544,NHA-657607.jpg,/gpfs/project/dollar/ajj38/shared/outliers/NHA-657607.jpg,,,,,False
545,KIRI-10401.jpg,/gpfs/project/dollar/ajj38/shared/outliers/KIRI-10401.jpg,,,,,False
546,NHA-506683.jpg,/gpfs/project/dollar/ajj38/shared/outliers/NHA-506683.jpg,,,,,False
547,CBS.032889.jpg,/gpfs/project/dollar/ajj38/shared/outliers/CBS.032889.jpg,,,,,False
548,YU.062773.jpg,/gpfs/project/dollar/ajj38/shared/outliers/YU.062773.jpg,,,,,False
549,barcode-00736322.jpg,/gpfs/project/dollar/ajj38/shared/outliers/barcode-00736322.jpg,,,,,False
550,CBS.001562.jpg,/gpfs/project/dollar/ajj38/shared/outliers/CBS.001562.jpg,,,,,False
551,MAINE00044676.jpg,/gpfs/project/dollar/ajj38/shared/outliers/MAINE00044676.jpg,,,,,False
552,BART-00595.jpg,/gpfs/project/dollar/ajj38/shared/outliers/BART-00595.jpg,,,,,False
553,CONN00133787.jpg,/gpfs/project/dollar/ajj38/shared/outliers/CONN00133787.jpg,,,,,False
554,barcode-00614668.jpg,/gpfs/project/dollar/ajj38/shared/outliers/barcode-00614668.jpg,,,,,False
555,barcode-01070775.jpg,/gpfs/project/dollar/ajj38/shared/outliers/barcode-01070775.jpg,,,,,False
556,408740.jpg,/gpfs/project/dollar/ajj38/shared/outliers/408740.jpg,,,,,False
557,CONN00141176.jpg,/gpfs/project/dollar/ajj38/shared/outliers/CONN00141176.jpg,,,,,False
558,NHA-660680.jpg,/gpfs/project/dollar/ajj38/shared/outliers/NHA-660680.jpg,,,,,False
559,NHA-501764.jpg,/gpfs/project/dollar/ajj38/shared/outliers/NHA-501764.jpg,,,,,False
560,barcode-00561031.jpg,/gpfs/project/dollar/ajj38/shared/outliers/barcode-00561031.jpg,,,,,False
561,YU.008267.jpg,/gpfs/project/dollar/ajj38/shared/outliers/YU.008267.jpg,,,,,False
562,00346349.jpg,/gpfs/project/dollar/ajj38/shared/outliers/00346349.jpg,,,,,False
563,CCNL-05973.jpg,/gpfs/project/dollar/ajj38/shared/outliers/CCNL-05973.jpg,,,,,False
564,YU.093596.jpg,/gpfs/project/dollar/ajj38/shared/outliers/YU.093596.jpg,,,,,False
565,barcode-00734985.jpg,/gpfs/project/dollar/ajj38/shared/outliers/barcode-00734985.jpg,,,,,False
566,barcode-00696791.jpg,/gpfs/project/dollar/ajj38/shared/outliers/barcode-00696791.jpg,,,,,False
567,barcode-00644167.jpg,/gpfs/project/dollar/ajj38/shared/outliers/barcode-00644167.jpg,,,,,False
568,CBS.031429.jpg,/gpfs/project/dollar/ajj38/shared/outliers/CBS.031429.jpg,,,,,False
569,401625.jpg,/gpfs/project/dollar/ajj38/shared/outliers/401625.jpg,,,,,False
570,WCSU-02218.jpg,/gpfs/project/dollar/ajj38/shared/outliers/WCSU-02218.jpg,,,,,False
571,NHA-565390.jpg,/gpfs/project/dollar/ajj38/shared/outliers/NHA-565390.jpg,,,,,False
572,barcode-00711921.jpg,/gpfs/project/dollar/ajj38/shared/outliers/barcode-00711921.jpg,,,,,False
573,barcode-00612706.jpg,/gpfs/project/dollar/ajj38/shared/outliers/barcode-00612706.jpg,,,,,False
574,barcode-00641423.jpg,/gpfs/project/dollar/ajj38/shared/outliers/barcode-00641423.jpg,,,,,False
575,CBS.019993.jpg,/gpfs/project/dollar/ajj38/shared/outliers/CBS.019993.jpg,,,,,False
576,00327717.jpg,/gpfs/project/dollar/ajj38/shared/outliers/00327717.jpg,,,,,False
577,barcode-00565561.jpg,/gpfs/project/dollar/ajj38/shared/outliers/barcode-00565561.jpg,,,,,False
578,YU.051989.jpg,/gpfs/project/dollar/ajj38/shared/outliers/YU.051989.jpg,,,,,False
579,NHA-718043.jpg,/gpfs/project/dollar/ajj38/shared/outliers/NHA-718043.jpg,,,,,False
580,404057.jpg,/gpfs/project/dollar/ajj38/shared/outliers/404057.jpg,,,,,False
581,CONN00122030.jpg,/gpfs/project/dollar/ajj38/shared/outliers/CONN00122030.jpg,,,,,False
582,2384072.jpg,/gpfs/project/dollar/ajj38/shared/outliers/2384072.jpg,,,,,False
583,barcode-00558415.jpg,/gpfs/project/dollar/ajj38/shared/outliers/barcode-00558415.jpg,,,,,False
584,NHA-658305.jpg,/gpfs/project/dollar/ajj38/shared/outliers/NHA-658305.jpg,,,,,False
585,barcode-00869677.jpg,/gpfs/project/dollar/ajj38/shared/outliers/barcode-00869677.jpg,,,,,False
586,00369369.jpg,/gpfs/project/dollar/ajj38/shared/outliers/00369369.jpg,,,,,False
587,CBS.015668.jpg,/gpfs/project/dollar/ajj38/shared/outliers/CBS.015668.jpg,,,,,False
588,NHA-501885.jpg,/gpfs/project/dollar/ajj38/shared/outliers/NHA-501885.jpg,,,,,False
589,barcode-01066817.jpg,/gpfs/project/dollar/ajj38/shared/outliers/barcode-01066817.jpg,,,,,False
590,NHA-725027.jpg,/gpfs/project/dollar/ajj38/shared/outliers/NHA-725027.jpg,,,,,False
591,CONN00010800.jpg,/gpfs/project/dollar/ajj38/shared/outliers/CONN00010800.jpg,,,,,False
592,barcode-00643134.jpg,/gpfs/project/dollar/ajj38/shared/outliers/barcode-00643134.jpg,,,,,False
593,barcode-00612606.jpg,/gpfs/project/dollar/ajj38/shared/outliers/barcode-00612606.jpg,,,,,False
594,405568.jpg,/gpfs/project/dollar/ajj38/shared/outliers/405568.jpg,,,,,False
595,NHA-724734.jpg,/gpfs/project/dollar/ajj38/shared/outliers/NHA-724734.jpg,,,,,False
596,QFA0622218.jpg,/gpfs/project/dollar/ajj38/shared/outliers/QFA0622218.jpg,,,,,False
597,CBS.032027.jpg,/gpfs/project/dollar/ajj38/shared/outliers/CBS.032027.jpg,,,,,False
598,YU.097257.jpg,/gpfs/project/dollar/ajj38/shared/outliers/YU.097257.jpg,,,,,False
599,YU.097839.jpg,/gpfs/project/dollar/ajj38/shared/outliers/YU.097839.jpg,,,,,False
600,KIRI-00261.jpg,/gpfs/project/dollar/ajj38/shared/outliers/KIRI-00261.jpg,,,,,False
601,CONN00003113.jpg,/gpfs/project/dollar/ajj38/shared/outliers/CONN00003113.jpg,,,,,False
602,PBRU00041816.jpg,/gpfs/project/dollar/ajj38/shared/outliers/PBRU00041816.jpg,,,,,False
603,347496.jpg,/gpfs/project/dollar/ajj38/shared/outliers/347496.jpg,,,,,False
604,MAINE00020851.jpg,/gpfs/project/dollar/ajj38/shared/outliers/MAINE00020851.jpg,,,,,False
605,barcode-00612054.jpg,/gpfs/project/dollar/ajj38/shared/outliers/barcode-00612054.jpg,,,,,False
606,379310.jpg,/gpfs/project/dollar/ajj38/shared/outliers/379310.jpg,,,,,False
607,PBRU00016266.jpg,/gpfs/project/dollar/ajj38/shared/outliers/PBRU00016266.jpg,,,,,False
608,barcode-00668817.jpg,/gpfs/project/dollar/ajj38/shared/outliers/barcode-00668817.jpg,,,,,False
609,CBS.026302.jpg,/gpfs/project/dollar/ajj38/shared/outliers/CBS.026302.jpg,,,,,False
610,barcode-00831057.jpg,/gpfs/project/dollar/ajj38/shared/outliers/barcode-00831057.jpg,,,,,False
611,barcode-00562329.jpg,/gpfs/project/dollar/ajj38/shared/outliers/barcode-00562329.jpg,,,,,False
612,barcode-01041290.jpg,/gpfs/project/dollar/ajj38/shared/outliers/barcode-01041290.jpg,,,,,False
613,NHA-534338.jpg,/gpfs/project/dollar/ajj38/shared/outliers/NHA-534338.jpg,,,,,False
614,CONN00167122.jpg,/gpfs/project/dollar/ajj38/shared/outliers/CONN00167122.jpg,,,,,False
615,barcode-00729597.jpg,/gpfs/project/dollar/ajj38/shared/outliers/barcode-00729597.jpg,,,,,False
616,barcode-01047550.jpg,/gpfs/project/dollar/ajj38/shared/outliers/barcode-01047550.jpg,,,,,False
617,1897699.jpg,/gpfs/project/dollar/ajj38/shared/outliers/1897699.jpg,,,,,False
618,barcode-00642657.jpg,/gpfs/project/dollar/ajj38/shared/outliers/barcode-00642657.jpg,,,,,False
619,barcode-00606912.jpg,/gpfs/project/dollar/ajj38/shared/outliers/barcode-00606912.jpg,,,,,False
620,CCNL-00063.jpg,/gpfs/project/dollar/ajj38/shared/outliers/CCNL-00063.jpg,,,,,False
621,WSCH004223.jpg,/gpfs/project/dollar/ajj38/shared/outliers/WSCH004223.jpg,,,,,False
622,barcode-00640569.jpg,/gpfs/project/dollar/ajj38/shared/outliers/barcode-00640569.jpg,,,,,False
623,KIRI-03910.jpg,/gpfs/project/dollar/ajj38/shared/outliers/KIRI-03910.jpg,,,,,False
624,00323742.jpg,/gpfs/project/dollar/ajj38/shared/outliers/00323742.jpg,,,,,False
625,CONN00126106.jpg,/gpfs/project/dollar/ajj38/shared/outliers/CONN00126106.jpg,,,,,False
626,barcode-00646472.jpg,/gpfs/project/dollar/ajj38/shared/outliers/barcode-00646472.jpg,,,,,False
627,barcode-00730876.jpg,/gpfs/project/dollar/ajj38/shared/outliers/barcode-00730876.jpg,,,,,False
628,2331592.jpg,/gpfs/project/dollar/ajj38/shared/outliers/2331592.jpg,,,,,False
629,CONN00006967.jpg,/gpfs/project/dollar/ajj38/shared/outliers/CONN00006967.jpg,,,,,False
630,CBS.020582.jpg,/gpfs/project/dollar/ajj38/shared/outliers/CBS.020582.jpg,,,,,False
631,CBS.025887.jpg,/gpfs/project/dollar/ajj38/shared/outliers/CBS.025887.jpg,,,,,False
632,CBS.022141.jpg,/gpfs/project/dollar/ajj38/shared/outliers/CBS.022141.jpg,,,,,False
633,barcode-00762310.jpg,/gpfs/project/dollar/ajj38/shared/outliers/barcode-00762310.jpg,,,,,False
634,barcode-00534979.jpg,/gpfs/project/dollar/ajj38/shared/outliers/barcode-00534979.jpg,,,,,False
635,QFA0350706.jpg,/gpfs/project/dollar/ajj38/shared/outliers/QFA0350706.jpg,,,,,False
636,CONN00070753.jpg,/gpfs/project/dollar/ajj38/shared/outliers/CONN00070753.jpg,,,,,False
637,barcode-00744443.jpg,/gpfs/project/dollar/ajj38/shared/outliers/barcode-00744443.jpg,,,,,False
638,YU.080907.jpg,/gpfs/project/dollar/ajj38/shared/outliers/YU.080907.jpg,,,,,False
639,CONN00075938.jpg,/gpfs/project/dollar/ajj38/shared/outliers/CONN00075938.jpg,,,,,False
640,CONN00162392.jpg,/gpfs/project/dollar/ajj38/shared/outliers/CONN00162392.jpg,,,,,False
641,CONN00152109.jpg,/gpfs/project/dollar/ajj38/shared/outliers/CONN00152109.jpg,,,,,False
642,NHA-552745.jpg,/gpfs/project/dollar/ajj38/shared/outliers/NHA-552745.jpg,,,,,False
643,CONN00155893.jpg,/gpfs/project/dollar/ajj38/shared/outliers/CONN00155893.jpg,,,,,False
644,326696.jpg,/gpfs/project/dollar/ajj38/shared/outliers/326696.jpg,,,,,False
645,barcode-00639140.jpg,/gpfs/project/dollar/ajj38/shared/outliers/barcode-00639140.jpg,,,,,False
646,YU.070720.jpg,/gpfs/project/dollar/ajj38/shared/outliers/YU.070720.jpg,,,,,False
647,barcode-00552283.jpg,/gpfs/project/dollar/ajj38/shared/outliers/barcode-00552283.jpg,,,,,False
648,barcode-00517116.jpg,/gpfs/project/dollar/ajj38/shared/outliers/barcode-00517116.jpg,,,,,False
649,YU.062199.jpg,/gpfs/project/dollar/ajj38/shared/outliers/YU.062199.jpg,,,,,False
650,370422.jpg,/gpfs/project/dollar/ajj38/shared/outliers/370422.jpg,,,,,False
651,CONN00049470.jpg,/gpfs/project/dollar/ajj38/shared/outliers/CONN00049470.jpg,,,,,False
652,CONN00172761.jpg,/gpfs/project/dollar/ajj38/shared/outliers/CONN00172761.jpg,,,,,False
653,2394480.jpg,/gpfs/project/dollar/ajj38/shared/outliers/2394480.jpg,,,,,False
654,368428.jpg,/gpfs/project/dollar/ajj38/shared/outliers/368428.jpg,,,,,False
655,CBS.024804.jpg,/gpfs/project/dollar/ajj38/shared/outliers/CBS.024804.jpg,,,,,False
656,2407675.jpg,/gpfs/project/dollar/ajj38/shared/outliers/2407675.jpg,,,,,False
657,NHA-545419.jpg,/gpfs/project/dollar/ajj38/shared/outliers/NHA-545419.jpg,,,,,False
658,00338850.jpg,/gpfs/project/dollar/ajj38/shared/outliers/00338850.jpg,,,,,False
659,barcode-01062859.jpg,/gpfs/project/dollar/ajj38/shared/outliers/barcode-01062859.jpg,,,,,False
660,NHA-557690.jpg,/gpfs/project/dollar/ajj38/shared/outliers/NHA-557690.jpg,,,,,False
661,CBS.032455.jpg,/gpfs/project/dollar/ajj38/shared/outliers/CBS.032455.jpg,,,,,False
662,2504759.jpg,/gpfs/project/dollar/ajj38/shared/outliers/2504759.jpg,,,,,False
663,barcode-00869775.jpg,/gpfs/project/dollar/ajj38/shared/outliers/barcode-00869775.jpg,,,,,False
664,barcode-01079552.jpg,/gpfs/project/dollar/ajj38/shared/outliers/barcode-01079552.jpg,,,,,False
665,NHA-548812.jpg,/gpfs/project/dollar/ajj38/shared/outliers/NHA-548812.jpg,,,,,False
666,barcode-00698648.jpg,/gpfs/project/dollar/ajj38/shared/outliers/barcode-00698648.jpg,,,,,False
667,NHA-562415.jpg,/gpfs/project/dollar/ajj38/shared/outliers/NHA-562415.jpg,,,,,False
668,NHA-724426.jpg,/gpfs/project/dollar/ajj38/shared/outliers/NHA-724426.jpg,,,,,False
669,CONN00133629.jpg,/gpfs/project/dollar/ajj38/shared/outliers/CONN00133629.jpg,,,,,False
670,344160.jpg,/gpfs/project/dollar/ajj38/shared/outliers/344160.jpg,,,,,False
671,barcode-00694786.jpg,/gpfs/project/dollar/ajj38/shared/outliers/barcode-00694786.jpg,,,,,False
672,CONN00085868.jpg,/gpfs/project/dollar/ajj38/shared/outliers/CONN00085868.jpg,,,,,False
673,barcode-00747276.jpg,/gpfs/project/dollar/ajj38/shared/outliers/barcode-00747276.jpg,,,,,False
674,barcode-00716898.jpg,/gpfs/project/dollar/ajj38/shared/outliers/barcode-00716898.jpg,,,,,False
675,NHA-661307.jpg,/gpfs/project/dollar/ajj38/shared/outliers/NHA-661307.jpg,,,,,False
676,KESC03794.jpg,/gpfs/project/dollar/ajj38/shared/outliers/KESC03794.jpg,,,,,False
677,00312499.jpg,/gpfs/project/dollar/ajj38/shared/outliers/00312499.jpg,,,,,False
678,barcode-01021674.jpg,/gpfs/project/dollar/ajj38/shared/outliers/barcode-01021674.jpg,,,,,False
